{
  "CTSpawn": [
    [
      -503.5,
      -900.0,
      143.71121
    ]
  ],
  "TSpawn": [
    [
      534.0,
      825.0,
      143.71121
    ]
  ],
  "MidCarousel": [
    [
      -316.0,
      -950.0,
      143.71121
    ]
  ],
  "CTCorridorDown": [
    [
      -528.5,
      -712.5,
      122.81566
    ]
  ],
  "TCorridorUp": [
    [
      -778.5,
      0.0,
      255.71106
    ]
  ],
  "TCorridorDown": [
    [
      496.5,
      662.5,
      105.689804
    ]
  ],
  "CTCorridorUp": [
    [
      734.0,
      0.0,
      255.71106
    ]
  ],
  "UpperConveyor": [
    [
      459.0,
      0.0,
      251.77705
    ]
  ],
  "UpperCatwalk": [
    [
      -508.0,
      192.0,
      397.875
    ],
    [
      -17.5,
      0.0,
      397.875
    ],
    [
      472.0,
      -196.0,
      397.875
    ],
    [
      -496.0,
      -290.0,
      397.875
    ],
    [
      464.0,
      284.0,
      397.875
    ]
  ]
}