{"CTSideLower":[[128.0,282.0,44.0]],"CTSideUpper":[[180.0,292.0,216.0]],"CTSpawn":[[-6.0,-268.0,158.0]],"Ruins":[[-818.0,-81.0,140.0]],"Mid":[[-632.0,404.0,44.0]],"TSideUpper":[[-179.99998,860.0,216.0]],"TSpawn":[[5.999969,1420.0,158.0]],"Hut":[[818.0,1233.0001,140.0]],"TSideLower":[[-127.999985,870.0,44.0]]}