{
  "CTSpawn": [
    [
      -487.5,
      -1975.0,
      -182.719
    ]
  ],
  "LeftAlley": [
    [
      -1150.0,
      1250.0,
      61.281124
    ],
    [
      -1125.0,
      1007.5,
      -106.718895
    ]
  ],
  "Market": [
    [
      187.5,
      -762.5,
      -98.718895
    ]
  ],
  "RightAlley": [
    [
      -537.5,
      -1262.5,
      -187.29349
    ]
  ],
  "Middle": [
    [
      -100.0,
      1937.5,
      -106.718895
    ]
  ],
  "Tunnel": [
    [
      237.5,
      87.5,
      -102.718895
    ]
  ],
  "LongHall": [
    [
      937.5,
      225.0,
      -98.718895
    ]
  ],
  "TSpawn": [
    [
      -550.0,
      1937.5,
      53.614628
    ]
  ],
  "Upstairs": [
    [
      912.38904,
      2500.42,
      181.281
    ]
  ],
  "Window": [
    [
      600.0,
      2187.5,
      181.281
    ],
    [
      510.0,
      2477.5,
      205.281
    ]
  ],
  "Balcony": [
    [
      987.5,
      2062.5,
      181.281
    ]
  ],
  "WineCellar": [
    [
      -525.0,
      1225.0,
      -2.71875
    ]
  ],
  "Apartment": [
    [
      -812.5,
      837.5,
      57.281124
    ],
    [
      -812.5,
      1050.0,
      55.372837
    ],
    [
      -396.0,
      392.0,
      68.0
    ]
  ],
  "FrontDoor": [
    [
      875.0,
      2025.0,
      53.281124
    ]
  ],
  "Downstairs": [
    [
      725.0,
      2337.5,
      53.281124
    ]
  ],
  "Stairs": [
    [
      87.5,
      2487.5,
      21.281149
    ]
  ],
  "Connector": [
    [
      292.0,
      1416.0,
      -40.0
    ]
  ]
}