{"CTSpawn":[[-1487.5,-1787.5,-278.719]],"Garage":[[-1012.5,-1387.5,-278.719],[-1118.75,-1637.5,-282.719],[-448.0,-1787.5,-278.719],[144.0,-1664.0,-278.75],[-864.0,-1056.0,-278.719]],"Bathroom":[[650.0,-237.5,-106.98555]],"Stairwell":[[100.0,-750.0,-138.7189]],"ConferenceRoom":[[1750.0,-445.0,-106.718895]],"Kitchen":[[1350.0,-400.0,-106.718895]],"StorageRoom":[[1400.0,-225.0,-106.718895]],"SnipersNest":[[-1600.0,-900.0,-186.719]],"FrontCourtyard":[[-1216.0,-416.0,-176.0],[-736.0,-416.0,-176.0],[-224.0,-416.0,-176.0]],"SideAlley":[[-800.0,256.0,-320.0]],"SideYard":[[-1200.0,848.0,-256.0],[-960.0,848.0,-256.0]],"Office":[[-480.0,208.0,-112.0]],"BackWay":[[416.0,-1296.0,-184.0],[320.0,-1296.0,-184.0],[480.0,-1296.0,-184.0],[512.0,-1296.0,-184.0]],"TSpawn":[[1216.0,-128.0,-106.718895],[1712.0,608.0,-106.75],[1408.0,-128.0,-106.718895]],"SideHall":[[1376.0,1024.0,-106.75],[640.0,416.0,-106.75],[352.0,416.0,-106.75]],"MainHall":[[64.0,-320.0,-106.98555],[64.0,-576.0,-106.98555],[1216.0,-576.0,-106.98555]],"BackCourtyard":[[1184.0,-928.0,-184.0],[480.0,-928.0,-184.0]]}