{"BombsiteA":[[-975.0,1087.5,122.507645]],"CTSpawn":[[-425.0,1412.5,83.0468]],"MainHall":[[-1800.0,-650.0,125.28116]],"TSpawn":[[-662.5,-2412.5,-110.960846]],"Middle":[[-625.0,-775.0,87.41435]],"TopofMid":[[-575.0,25.0,167.15]],"House":[[-200.0,712.5,133.8136]],"Alley":[[1362.5,875.0,175.868]],"Ramp":[[1287.5,-737.5,70.21036]],"BombsiteB":[[1300.0,725.0,176.427]],"SideEntrance":[[75.0,-500.0,223.3735]],"TSideUpper":[[512.5,-825.0,171.9425]],"TSideLower":[[1125.0,-775.0,58.96724]],"Ruins":[[600.0,-1550.0,16.8406]],"Water":[[575.0,-1650.0,-38.255898]],"Tunnel":[[387.5,-1850.0,-109.1629]],"Outside":[[-2112.5,-925.0,31.856201]],"SideHall":[[-1362.5,425.0,133.09915]]}