{"TSpawn":[[-624.0,-936.0,120.0],[-1328.0,-392.0,200.0]],"TRamp":[[-2036.0,-583.99994,136.0]],"OutsideTunnel":[[-1632.0,288.0,156.0]],"UpperTunnel":[[-1660.0,832.0,140.0],[-1744.0,1224.0,216.0],[-1232.0,1220.0,220.0],[-1164.0,1236.0,220.0],[-1236.0,1164.0,216.0],[-1984.0,1604.0,160.0]],"TunnelStairs":[[-1220.0,1088.0,204.0],[-1124.0,1104.0,208.00003],[-1088.0,1160.0,212.0]],"LowerTunnel":[[-872.0,1408.0,0.0]],"Middle":[[-384.0,1136.0,60.00003]],"TopofMid":[[-348.0,76.0,272.0]],"OutsideLong":[[416.0,-188.0,124.0],[272.0,364.0,124.0]],"LongDoors":[[876.0,732.0,128.0],[1096.0,220.0,132.0]],"LongA":[[1428.0,1544.0,124.0],[1700.0,1976.0,128.0]],"ARamp":[[1460.0,2696.0,124.0]],"BombsiteA":[[1040.0,2752.0,176.0],[1156.0,2356.0,176.0]],"UnderA":[[892.0,2156.0,88.0],[784.0,2352.0,168.0]],"ExtendedA":[[528.0,2592.0,212.0],[396.0,2180.0,212.0]],"ShortStairs":[[384.0,1644.0,160.0]],"Catwalk":[[0.0,1460.0,164.0],[-164.0,1044.0,164.0]],"MidDoors":[[-384.0,2036.0001,96.0],[-628.0,2128.0,99.99999]],"BDoors":[[-1040.0,2316.0,156.0],[-1139.9999,2656.0,160.0]],"CTSpawn":[[139.99997,2276.0,-24.0]],"Hole":[[-1316.0,2660.0,216.0]],"BombsiteB":[[-1764.0,2192.0,-4.0],[-1748.0,2928.0,36.0],[-1760.0,2660.0,36.0]],"Pit":[[1360.0,456.0,-28.0]],"Side":[[1684.0,888.0,-4.0]]}