{
  "Bridge": [
    [
      -371.5,
      -154.0,
      254.0155
    ]
  ],
  "SecondMid": [
    [
      164.0,
      -119.5,
      95.375
    ],
    [
      1504.0,
      160.0,
      95.375
    ]
  ],
  "Middle": [
    [
      698.5,
      540.5,
      151.75
    ],
    [
      698.5,
      784.0,
      151.75
    ]
  ],
  "Graveyard": [
    [
      2553.5,
      483.5,
      276.52
    ]
  ],
  "Balcony": [
    [
      953.5,
      -116.5,
      318.0155
    ],
    [
      2048.0,
      -204.0,
      328.7345
    ],
    [
      2048.0,
      -324.0,
      328.7345
    ]
  ],
  "Quad": [
    [
      1366.0,
      -79.0,
      192.0155
    ]
  ],
  "CTSpawn": [
    [
      1666.0,
      1671.0,
      222.0155
    ]
  ],
  "Deck": [
    [
      103.5,
      58.5,
      246.0155
    ]
  ],
  "Upstairs": [
    [
      -546.5,
      258.5,
      174.01566
    ]
  ],
  "Apartments": [
    [
      -40.0,
      -508.0,
      216.7345
    ],
    [
      1136.0,
      -156.00002,
      264.7345
    ],
    [
      1456.0,
      -156.00002,
      264.7345
    ]
  ],
  "TSpawn": [
    [
      -1552.0,
      332.0,
      56.734497
    ],
    [
      -1152.0,
      332.0,
      56.734497
    ],
    [
      -1152.0,
      188.0,
      56.734497
    ],
    [
      -1152.0,
      -436.0,
      56.734497
    ]
  ],
  "LowerMid": [
    [
      -840.0,
      -132.0,
      88.7345
    ],
    [
      -840.0,
      444.0,
      88.7345
    ]
  ],
  "TRamp": [
    [
      -400.0,
      556.0,
      88.7345
    ],
    [
      -544.0,
      556.0,
      88.7345
    ]
  ],
  "Arch": [
    [
      1880.0,
      1116.0,
      232.7345
    ],
    [
      1880.0,
      1340.0,
      232.7345
    ]
  ],
  "Library": [
    [
      2480.0,
      1484.0,
      232.7345
    ],
    [
      2480.0,
      1308.0,
      232.7345
    ]
  ],
  "Pit": [
    [
      2360.0,
      -340.0,
      160.7345
    ],
    [
      2360.0,
      -212.0,
      160.7345
    ]
  ],
  "BombsiteA": [
    [
      2000.0,
      292.0,
      208.7345
    ],
    [
      2000.0,
      796.0,
      208.7345
    ]
  ],
  "BackAlley": [
    [
      704.0,
      -556.0,
      160.7345
    ]
  ],
  "BombsiteB": [
    [
      512.0,
      2716.0,
      240.7345
    ],
    [
      512.0,
      3228.0,
      240.7345
    ],
    [
      736.0,
      3228.0,
      240.7345
    ]
  ],
  "Ruins": [
    [
      1000.0,
      3148.0,
      192.7345
    ],
    [
      1000.0,
      3340.0,
      192.7345
    ],
    [
      1000.0,
      2924.0,
      192.7345
    ],
    [
      1000.0,
      2796.0,
      192.7345
    ]
  ],
  "Banana": [
    [
      208.0,
      1396.0,
      192.7345
    ],
    [
      208.0,
      1740.0,
      192.7345
    ]
  ],
  "Kitchen": [
    [
      -208.0,
      204.0,
      248.7345
    ],
    [
      -96.0,
      204.0,
      248.7345
    ]
  ],
  "Underpass": [
    [
      264.0,
      372.0,
      32.734497
    ]
  ],
  "TopofMid": [
    [
      1424.0,
      628.0,
      216.7345
    ]
  ]
}