{
  "Scaffolding": [
    [
      37.5,
      -2012.5,
      15.281252
    ]
  ],
  "Apartments": [
    [
      -2012.5,
      762.5,
      5.28125
    ]
  ],
  "House": [
    [
      12.5,
      812.5,
      -82.718895
    ]
  ],
  "SideAlley": [
    [
      1075.0,
      475.0,
      -207.44301
    ]
  ],
  "Ladder": [
    [
      -1012.5,
      -100.0,
      -114.718895
    ]
  ],
  "BackAlley": [
    [
      -275.0,
      387.5,
      -31.533102
    ]
  ],
  "Jungle": [
    [
      -850.0,
      -1537.5,
      -114.718895
    ]
  ],
  "CTSpawn": [
    [
      -1512.5,
      -787.5,
      -114.718895
    ]
  ],
  "TRamp": [
    [
      512.5,
      -1625.0,
      -206.719
    ]
  ],
  "TSpawn": [
    [
      1262.5,
      462.5,
      -208.81999
    ]
  ],
  "TopofMid": [
    [
      475.0,
      -900.0,
      -107.0244
    ]
  ],
  "Catwalk": [
    [
      -125.0,
      -425.0,
      -121.29375
    ]
  ],
  "Middle": [
    [
      -162.5,
      -887.5,
      -112.75685
    ]
  ],
  "BombsiteA": [
    [
      -662.5,
      -1612.5,
      -118.718895
    ]
  ],
  "SnipersNest": [
    [
      -1250.0,
      -1087.5,
      -114.718895
    ]
  ],
  "Truck": [
    [
      -2300.0,
      687.5,
      11.426849
    ]
  ],
  "BombsiteB": [
    [
      -2550.0,
      162.5,
      -110.86075
    ]
  ],
  "PalaceInterior": [
    [
      1325.0,
      -1362.5,
      -114.718895
    ]
  ],
  "PalaceAlley": [
    [
      1187.5,
      -762.5,
      -190.751
    ]
  ],
  "Stairs": [
    [
      -462.5,
      -1575.0,
      13.281252
    ]
  ],
  "Connector": [
    [
      -675.0,
      -1225.0,
      -114.718895
    ]
  ],
  "Underpass": [
    [
      -475.0,
      412.5,
      -106.71885
    ]
  ],
  "Shop": [
    [
      -2325.0,
      -400.0,
      -114.718895
    ]
  ]
}