{
  "Vending": [
    [
      -125.0,
      -562.5,
      -362.719
    ]
  ],
  "Secret": [
    [
      1512.5,
      -2125.0,
      -586.719
    ],
    [
      1350.0,
      -2300.0,
      -361.76898
    ]
  ],
  "Catwalk": [
    [
      1325.0,
      -412.5,
      -74.7189
    ]
  ],
  "Crane": [
    [
      312.5,
      -812.5,
      -67.7189
    ],
    [
      962.5,
      -825.0,
      -67.7189
    ]
  ],
  "Lobby": [
    [
      187.5,
      -687.5,
      -234.719
    ],
    [
      -450.0,
      -812.5,
      -362.719
    ],
    [
      -385.5,
      -964.0,
      -359.9845
    ]
  ],
  "Hut": [
    [
      437.5,
      -825.0,
      -338.719
    ]
  ],
  "Trophy": [
    [
      62.5,
      -412.5,
      -362.719
    ]
  ],
  "Control": [
    [
      175.0,
      -62.5,
      -362.719
    ]
  ],
  "Squeaky": [
    [
      162.5,
      -1250.0,
      -362.719
    ]
  ],
  "CTSpawn": [
    [
      2087.5,
      -575.0,
      -300.201
    ]
  ],
  "Garage": [
    [
      1325.0,
      -1950.0,
      -362.719
    ],
    [
      1468.0,
      -1912.0,
      -351.9845
    ]
  ],
  "Heaven": [
    [
      1237.5,
      -400.0,
      -74.7189
    ]
  ],
  "Rafters": [
    [
      987.5,
      -712.5,
      -71.2189
    ]
  ],
  "HutRoof": [
    [
      462.5,
      -1175.0,
      -197.502
    ]
  ],
  "Vents": [
    [
      525.0,
      -1437.5,
      -554.719
    ]
  ],
  "Mini": [
    [
      775.0,
      -1650.0,
      -362.719
    ]
  ],
  "Silo": [
    [
      150.0,
      -1525.0,
      16.758402
    ]
  ],
  "TSpawn": [
    [
      -962.5,
      -1075.0,
      -362.719
    ]
  ],
  "Ramp": [
    [
      650.0,
      -212.5,
      -362.719
    ],
    [
      636.0,
      -133.0,
      -351.9845
    ]
  ],
  "Decon": [
    [
      187.5,
      -1387.5,
      -722.719
    ]
  ],
  "Observation": [
    [
      1212.5,
      -500.0,
      -586.719
    ]
  ],
  "Hell": [
    [
      1350.0,
      -425.0,
      -362.719
    ]
  ],
  "BombsiteA": [
    [
      375.0,
      -1262.5,
      -362.719
    ],
    [
      412.0,
      -540.0,
      -347.98453
    ],
    [
      410.5,
      -1308.5,
      -347.98453
    ]
  ],
  "BombsiteB": [
    [
      637.5,
      -175.0,
      -586.719
    ],
    [
      976.00006,
      -520.0,
      -636.0
    ]
  ],
  "Tunnels": [
    [
      1375.0,
      -1925.0,
      -586.719
    ],
    [
      692.0,
      -1624.0,
      -579.9845
    ],
    [
      268.0,
      -1624.0,
      -703.9845
    ],
    [
      1448.5,
      -1912.0,
      -579.9845
    ],
    [
      1324.5,
      -972.0,
      -703.9845
    ],
    [
      1140.5,
      -1068.0,
      -703.9845
    ]
  ],
  "Roof": [
    [
      -262.5,
      -1225.0,
      -198.719
    ],
    [
      162.5,
      -775.0,
      -41.9406
    ],
    [
      112.5,
      -412.5,
      -118.7189
    ],
    [
      71.999985,
      -1128.0,
      -113.9845
    ],
    [
      -23.5,
      -501.5,
      -113.9845
    ],
    [
      199.0,
      -1000.0,
      -35.984406
    ],
    [
      199.0,
      -775.0,
      -35.984406
    ]
  ],
  "Admin": [
    [
      1050.0,
      -87.5,
      -362.719
    ]
  ],
  "LockerRoom": [
    [
      1125.0,
      -700.0,
      -362.719
    ]
  ],
  "Outside": [
    [
      1736.0,
      -928.0,
      -344.19754
    ],
    [
      -706.0,
      -968.0,
      -348.0
    ],
    [
      -500.0,
      -520.0,
      -348.0
    ],
    [
      -500.0,
      -1432.0,
      -348.0
    ],
    [
      -228.0,
      -1640.0,
      -348.0
    ],
    [
      48.0,
      -2048.0,
      -348.0
    ],
    [
      348.0,
      -1692.0,
      -348.0
    ],
    [
      1004.0,
      -1692.0,
      -348.0
    ],
    [
      1364.0,
      -1692.0,
      -348.0
    ],
    [
      1364.0,
      -1532.0,
      -348.0
    ]
  ]
}