{
  "TSpawn": [
    [
      -562.5,
      -2512.5,
      202.4515
    ]
  ],
  "TStairs": [
    [
      -775.0,
      -2287.5,
      269.5555
    ]
  ],
  "Tunnels": [
    [
      -1112.5,
      -2137.5,
      393.281
    ]
  ],
  "Playground": [
    [
      -3062.5,
      -2375.0,
      530.43396
    ]
  ],
  "Fountain": [
    [
      -1937.5,
      -2537.5,
      485.60248
    ]
  ],
  "UpperPark": [
    [
      -3362.5,
      -2300.0,
      529.7555
    ]
  ],
  "BombsiteA": [
    [
      -3025.0,
      737.5,
      537.281
    ]
  ],
  "BackofA": [
    [
      -1800.0,
      1262.5,
      407.281
    ]
  ],
  "Lobby": [
    [
      -2475.0,
      1150.0,
      537.281
    ]
  ],
  "StorageRoom": [
    [
      -2387.5,
      1037.5,
      409.281
    ]
  ],
  "Canal": [
    [
      -150.0,
      -1462.5,
      86.66764
    ]
  ],
  "Alley": [
    [
      -387.5,
      -2125.0,
      202.964
    ]
  ],
  "SideAlley": [
    [
      -325.0,
      -1962.5,
      203.12201
    ]
  ],
  "Water": [
    [
      -1625.0,
      -1037.5,
      153.28116
    ],
    [
      -1675.0,
      112.5,
      146.5823
    ]
  ],
  "BombsiteB": [
    [
      -737.5,
      75.0,
      107.98071
    ]
  ],
  "Bridge": [
    [
      -1375.0,
      -225.0,
      172.7775
    ]
  ],
  "Construction": [
    [
      -925.0,
      -350.0,
      153.28116
    ]
  ],
  "Walkway": [
    [
      -1875.0,
      -562.5,
      185.281
    ]
  ],
  "UnderA": [
    [
      -2200.0,
      200.0,
      185.281
    ]
  ],
  "Stairs": [
    [
      -1787.5,
      1125.0,
      351.588
    ]
  ],
  "LowerPark": [
    [
      -2600.0,
      -1700.0,
      528.372
    ]
  ],
  "Restroom": [
    [
      -2675.0,
      -150.0,
      488.74548
    ]
  ],
  "SnipersNest": [
    [
      -1737.5,
      387.5,
      313.281
    ]
  ],
  "Connector": [
    [
      -1775.0,
      -1112.5,
      153.28116
    ]
  ],
  "Pipe": [
    [
      -712.5,
      -950.0,
      77.848495
    ]
  ]
}